month,bod5_proportion,nh3n_proportion,ss_proportion
1,34.15734375,33.4421875,34.19046875
3,34.15734375,33.4421875,34.19046875
